NUM,GPS,IMU,VelocidadLLantas,PorcentajeLlenado,KilosProcesados,VelocidadTrilladora,NivelCombustible,Kilometraje,NivelAceite,PresionLlantas
1,34.753,8.612,34.956,31.612,14.489,34.956,31.41,27.965,0.304,34.956
2,0.811,4.762,26.344,16.414,30.802,7.599,18.947,11.855,20.568,7.498
3,30.498,17.427,24.216,4.661,28.066,4.154,34.753,25.938,14.388,15.603
4,23.304,11.753,5.573,8.308,10.031,26.546,25.026,27.053,12.361,34.753
5,15.198,16.819,5.775,6.991,4.762,29.484,6.687,4.863,7.498,25.33
6,0.405,5.674,1.722,22.493,25.026,1.722,21.885,19.15,11.855,1.115
7,21.379,20.568,24.925,10.943,15.502,2.33,1.317,25.736,30.802,7.802
8,24.013,14.894,24.722,20.467,24.925,25.33,9.322,4.863,6.383,19.352
9,7.194,3.445,23.709,23,10.537,34.956,23.304,8.106,5.573,8.511
10,28.167,27.458,16.11,3.749,10.233,25.634,30.802,34.551,31.004,20.467
11,5.573,24.216,29.383,24.52,25.432,23.507,24.216,16.11,22.291,28.471
12,24.824,2.33,34.247,35.564,26.951,3.344,33.436,12.159,17.529,9.018
13,33.74,29.687,4.559,17.529,28.978,18.846,16.718,18.136,3.546,9.626
14,7.396,2.837,7.092,34.956,34.145,21.784,30.295,19.454,35.26,14.894
15,8.207,19.656,11.652,6.383,23.507,23.101,6.687,35.665,34.956,25.229
16,29.687,12.564,20.872,29.383,5.674,2.533,6.485,0.304,31.106,35.361
17,21.683,7.498,8.207,8.41,18.947,3.141,23.709,5.877,24.114,16.009
18,17.529,17.427,2.229,10.335,5.674,11.348,22.696,28.978,18.136,19.048
19,35.361,15.198,24.013,27.965,28.775,15.097,4.458,30.194,33.233,26.141
20,25.432,32.929,16.819,29.282,13.678,12.463,10.943,24.216,3.749,20.973
21,6.586,21.075,6.181,31.207,29.181,31.916,28.066,34.956,3.344,33.537
22,28.167,24.52,7.802,23.101,25.533,18.035,35.26,27.154,8.511,23.709
23,24.114,29.991,35.969,3.344,11.652,6.079,13.374,25.128,9.018,36.07
24,26.445,19.96,15.705,7.092,31.511,32.22,5.573,15.806,12.969,24.925
25,3.648,30.903,22.189,27.357,25.837,1.621,5.37,26.04,10.436,8.916
26,14.388,3.141,3.242,17.731,5.37,24.013,2.938,23.304,14.996,19.859
27,11.449,18.44,35.969,11.956,8.916,4.357,3.546,10.943,4.154,4.154
28,2.432,14.489,5.978,31.714,36.07,2.634,21.885,10.031,31.106,12.766
29,16.515,20.163,19.251,16.718,33.436,2.634,31.41,11.956,9.524,12.969
30,3.648,12.159,2.736,24.317,9.828,6.181,0.608,33.335,3.648,34.753
31,23.101,19.454,36.172,33.943,0.405,6.789,6.181,1.52,11.449,1.52
32,1.418,28.066,21.581,34.247,4.154,6.383,18.339,35.564,18.947,13.577
33,1.621,8.41,27.863,11.145,19.454,22.392,11.753,3.952,7.7,14.692
34,5.674,3.952,12.26,2.33,16.414,25.432,15.705,29.788,0.912,7.7
35,13.172,4.154,14.894,12.564,6.079,2.026,23.507,33.132,20.163,5.775
36,35.26,18.744,17.225,8.308,17.63,31.207,2.128,15.299,9.626,4.255
37,17.833,12.564,17.529,0.101,29.181,0.608,29.079,17.427,28.775,1.722
38,34.044,26.749,29.079,16.11,18.542,31.714,3.242,2.229,19.048,27.255
39,23,24.114,15.198,31.714,4.661,7.396,16.009,36.172,14.996,26.141
40,8.612,1.621,7.092,23.81,11.449,2.938,8.916,30.295,7.599,21.277
41,6.079,27.458,35.057,9.018,27.661,30.903,17.63,18.035,7.498,29.89
42,16.819,8.106,18.238,20.973,1.722,13.982,27.053,33.233,13.374,18.035
43,21.581,9.423,27.357,18.542,32.524,19.758,22.088,18.035,7.396,20.467
44,13.678,22.291,10.233,30.295,9.018,24.013,5.471,21.683,22.189,35.462
45,8.106,29.788,6.991,2.533,11.753,12.057,27.559,27.559,16.009,1.621
46,32.524,16.11,35.969,23.709,14.388,31.511,24.52,12.969,18.947,8.916
47,2.634,2.128,25.736,14.185,22.899,18.238,5.978,1.216,19.15,33.943
48,5.167,31.207,17.022,18.035,26.85,27.661,33.132,29.586,35.361,8.916
49,7.396,13.881,24.114,35.26,32.727,21.48,35.969,20.467,15.097,1.418
50,29.484,19.352,6.485,4.762,30.498,12.057,1.824,12.868,30.599,4.863
51,16.11,3.04,15.502,24.925,2.533,25.938,10.74,9.22,30.7,36.273
52,9.524,32.524,19.352,27.357,20.163,35.057,8.612,9.018,32.625,10.031
53,15.502,2.33,33.132,32.22,22.595,25.026,12.26,11.753,31.004,16.819
54,25.128,35.462,18.846,12.057,9.018,11.855,31.612,34.854,35.462,3.546
55,8.815,30.599,24.216,30.092,29.181,31.714,24.824,3.344,19.859,34.044
56,23.507,6.181,11.753,22.291,18.238,27.458,33.841,3.242,26.242,33.74
57,30.092,9.322,10.233,23.608,19.859,5.978,34.247,1.925,1.52,17.833
58,35.158,8.612,18.643,22.189,12.26,22.088,12.766,11.855,27.559,10.233
59,0.912,14.084,14.286,25.026,14.489,1.115,33.639,3.141,5.066,31.714
60,12.766,29.89,19.352,3.952,17.225,3.04,2.938,7.092,19.555,23.912
61,31.916,34.145,20.062,12.766,18.643,9.119,7.194,15.502,25.533,33.943
62,29.991,7.092,26.445,12.969,15.401,1.317,5.269,35.868,18.339,3.141
63,16.009,11.855,4.762,30.396,28.167,8.916,32.22,31.207,2.837,34.044
64,26.647,28.167,1.52,34.652,9.018,26.951,22.696,32.119,9.524,30.092
65,32.929,25.128,29.586,12.361,33.537,30.092,25.736,0.101,1.824,5.269
66,34.956,8.41,3.648,25.026,20.67,14.084,30.396,1.925,33.74,5.471
67,0.608,17.529,34.854,1.115,30.295,19.454,24.114,5.573,7.903,6.789
68,32.625,34.956,26.749,6.181,32.625,32.119,21.176,10.841,16.718,9.018
69,18.643,20.264,6.687,0.811,0.608,20.771,26.141,36.07,34.652,11.753
70,28.471,27.053,23.507,11.044,13.476,23.507,32.727,31.815,34.652,26.141
71,8.511,21.987,3.85,33.436,8.714,13.881,27.661,4.357,24.216,20.872
72,33.436,35.26,0.304,13.982,4.458,13.881,11.449,17.123,16.515,18.238
73,18.542,29.687,21.48,30.092,27.053,26.546,10.233,22.493,24.317,30.295
74,15.299,10.132,18.136,9.22,16.313,12.361,6.89,10.943,4.053,20.568
75,21.277,9.322,25.33,3.648,27.863,36.374,0.912,6.485,14.894,31.714
76,35.564,0.709,1.013,7.802,15.806,34.348,21.48,19.555,17.63,1.317
77,10.132,13.476,30.498,29.687,7.295,17.63,24.317,3.648,14.59,2.026
78,32.22,14.894,28.269,34.956,0.912,19.656,31.714,8.004,28.066,34.044
79,32.727,16.414,31.207,33.943,35.665,22.088,21.987,26.141,35.969,1.317
80,6.991,2.229,6.485,11.145,32.625,23.81,2.736,14.59,31.612,18.238
81,31.308,13.374,32.22,27.458,2.229,30.599,36.07,33.537,35.26,13.374
82,4.458,9.524,26.242,31.106,30.599,27.255,18.744,19.758,11.753,30.295
83,0.405,34.348,15.401,3.749,16.11,3.648,5.978,31.815,5.269,9.727
84,20.062,22.595,9.828,7.903,34.044,6.89,20.872,2.938,6.485,21.48
85,25.229,7.7,28.978,25.128,1.317,0.101,2.229,2.432,31.207,32.727
86,33.436,25.736,33.943,3.141,13.172,2.026,13.78,1.115,2.837,3.546
87,6.789,24.216,20.467,16.819,16.921,14.185,8.308,3.85,18.846,4.559
88,4.255,25.533,27.863,14.489,27.661,19.656,26.85,11.652,22.899,12.969
89,5.775,5.066,22.595,15.907,18.542,32.321,31.106,20.366,35.665,1.52
90,25.938,26.749,9.929,33.132,3.648,35.26,0.405,5.269,30.092,9.828
91,18.44,23.912,19.555,9.727,7.194,16.515,18.542,23.304,17.022,28.978
92,25.229,35.158,8.004,36.374,25.026,0.608,25.432,11.145,33.74,28.674
93,21.784,36.172,22.696,6.991,0.101,29.079,12.969,9.22,34.247,19.048
94,7.396,18.238,24.418,25.432,30.903,10.233,24.824,34.551,31.004,18.744
95,21.987,16.313,35.158,20.366,1.621,27.762,1.418,4.965,34.044,13.374
96,36.374,23.608,6.282,23.405,27.559,11.044,11.956,14.489,35.462,27.559
97,27.154,33.436,26.445,18.643,10.233,36.07,0.811,2.33,5.066,8.714
98,8.511,16.414,20.67,22.088,29.181,35.26,12.463,6.282,23,15.097
99,15.299,14.692,0.507,23.81,1.418,11.348,35.361,12.463,36.172,20.67
100,35.057,1.722,26.749,18.238,2.128,22.797,13.172,16.414,33.031,25.026
101,26.445,24.722,2.736,13.982,21.48,10.031,15.502,22.189,13.07,16.921
102,26.04,7.295,26.85,20.163,21.48,12.159,9.929,3.04,29.079,31.308
103,29.079,7.903,8.308,34.551,18.846,26.951,33.031,26.445,31.815,3.141
104,21.48,9.929,2.634,32.929,19.96,14.59,17.833,12.159,11.753,6.485
105,4.559,3.749,11.956,10.943,11.145,6.485,7.903,13.273,7.599,14.489
106,15.705,15.603,3.648,0.912,11.956,16.414,5.978,30.599,33.943,27.863
107,17.731,30.903,16.617,0.709,16.414,3.242,33.436,1.418,30.092,15.603
108,19.048,28.066,7.396,8.714,18.136,16.921,27.255,30.498,28.37,3.85
109,2.229,33.943,12.564,1.216,24.013,10.335,18.44,2.938,28.167,14.388
110,25.736,20.366,1.115,17.833,25.736,8.41,21.48,12.766,8.714,22.189
111,22.189,2.837,28.167,24.722,14.692,3.141,1.115,31.714,17.833,24.216
112,21.581,18.947,9.727,2.432,27.559,3.546,12.868,15.907,9.929,10.031
113,9.524,32.524,20.163,24.013,11.348,21.885,35.665,22.696,18.744,19.251
114,33.436,5.674,32.828,17.934,4.661,23.203,24.52,31.815,7.498,34.854
115,28.37,20.67,20.568,11.247,20.264,26.141,15.907,24.418,27.255,21.987
116,9.22,20.062,33.537,20.771,31.004,1.013,15.198,21.379,23.709,30.396
117,1.418,5.37,0.811,1.115,23.912,12.463,31.207,14.793,14.185,16.617
118,32.524,21.885,31.41,27.357,7.092,19.656,31.004,7.802,4.559,3.344
119,23.608,28.066,0.709,19.859,18.947,19.96,18.643,11.753,8.815,14.59
120,7.903,2.128,29.282,28.471,11.551,30.903,12.969,22.189,17.427,33.74
121,9.727,18.542,33.943,12.463,17.833,12.766,6.586,2.837,22.189,8.207
122,13.172,12.463,27.559,12.766,5.37,22.189,21.075,0.304,33.031,27.559
123,6.181,25.432,3.546,10.639,16.515,14.388,9.018,14.286,21.885,23.81
124,25.128,0.101,24.722,6.282,35.766,4.053,23.912,1.722,0.912,18.846
125,6.079,9.524,29.181,7.295,32.727,31.106,35.868,17.427,2.229,8.612
126,15.603,31.511,30.7,31.41,19.251,0.101,26.85,28.674,23.405,8.815
127,29.991,5.37,6.789,18.846,4.458,16.819,19.251,29.687,32.017,8.308
128,18.44,25.128,34.247,25.33,22.899,35.462,17.934,9.018,28.978,0.912
129,16.11,0.203,26.85,28.471,24.013,32.828,30.092,16.617,28.978,22.088
130,3.141,29.89,16.718,19.048,32.524,18.339,32.625,28.978,25.026,15.198
131,6.181,24.925,18.44,26.85,34.449,7.498,13.374,16.11,36.374,35.868
132,5.269,29.687,26.344,5.573,20.568,27.965,28.471,11.044,28.877,10.943
133,0.507,6.89,11.145,9.322,11.247,28.167,26.85,34.247,7.295,6.181
134,2.432,5.674,27.762,4.154,17.529,26.445,7.194,27.458,30.802,25.33
135,20.568,8.714,21.581,24.52,27.965,26.242,23.405,5.573,35.462,13.374
136,17.326,1.621,32.22,8.916,24.722,23.81,23,33.943,35.462,22.088
137,4.863,15.705,23.203,32.423,29.89,28.674,4.965,1.824,1.621,18.136
138,5.37,15.097,1.418,18.542,7.903,21.379,18.136,29.687,10.031,3.445
139,18.643,10.233,24.824,6.89,29.181,12.159,31.714,20.771,1.418,28.775
140,29.89,8.916,26.141,36.07,4.661,4.965,4.053,26.141,14.286,35.868
141,18.035,8.916,31.207,35.969,17.022,32.119,0.405,5.471,27.154,15.907
142,7.903,15.705,17.225,6.991,29.991,4.154,32.017,5.877,30.599,33.132
143,9.524,10.74,10.639,36.273,28.37,26.749,27.863,3.242,4.458,19.96
144,10.841,25.432,18.035,9.322,21.987,22.189,6.282,3.749,35.26,24.216
145,34.044,10.436,34.247,15.401,3.85,34.348,15.603,5.775,30.498,5.978
146,20.872,32.828,5.37,30.092,30.092,15.806,12.159,23.507,2.026,21.075
147,24.722,19.859,16.515,7.7,5.978,31.714,4.965,15.907,17.934,16.718
148,13.273,24.722,7.194,5.573,32.828,14.185,26.85,25.533,6.485,27.661
149,23.709,32.017,33.233,14.692,7.295,7.396,31.612,16.414,6.991,24.114
150,1.115,12.159,23.912,24.216,6.181,21.379,13.78,12.159,31.41,2.938
151,24.824,20.568,18.542,33.841,21.581,19.555,9.423,12.159,30.194,28.066
152,13.172,35.969,4.458,30.498,30.599,20.062,17.731,23.81,8.308,9.423
153,2.128,2.837,23.709,18.44,19.758,24.418,15.603,13.881,32.321,28.674
154,31.916,2.229,17.833,30.498,19.656,9.423,8.714,20.771,28.37,2.938
155,24.52,33.639,30.194,7.396,34.247,5.37,23.608,24.216,8.106,9.018
156,25.938,25.33,13.678,1.216,22.797,5.775,26.85,26.344,1.013,24.52
157,35.969,14.59,16.718,26.04,1.925,13.07,0.811,10.335,12.463,13.78
158,4.458,24.925,27.965,23.101,27.559,6.89,3.04,12.361,19.251,13.78
159,17.225,18.744,16.11,3.04,17.833,12.969,12.969,14.59,0.811,35.564
160,11.753,2.33,32.321,23.912,5.066,24.013,29.484,17.326,11.551,33.639
161,2.938,10.943,34.854,35.361,28.269,18.542,17.731,26.445,7.802,20.872
162,6.991,33.74,7.092,3.344,17.934,8.308,7.295,32.524,19.352,11.044
163,5.978,4.154,13.374,24.114,27.458,34.348,17.123,12.159,20.366,0.811
164,1.824,25.938,17.427,14.793,21.581,24.114,29.586,7.599,26.546,31.106
165,2.128,8.41,3.546,13.273,27.255,4.559,31.916,27.559,2.736,20.568
166,15.806,10.031,4.965,5.573,5.269,31.612,16.313,28.573,2.533,1.621
167,31.612,34.145,21.987,27.863,29.383,18.339,14.084,34.247,24.317,17.934
168,22.493,12.361,34.956,33.233,23.912,12.665,33.233,15.705,23.304,11.449
169,10.943,18.44,14.286,10.943,35.564,12.969,29.181,28.775,9.727,2.128
170,5.877,16.313,14.388,34.145,25.33,15.299,19.251,16.414,32.22,8.511
171,1.52,28.978,24.114,20.366,5.674,2.432,8.41,19.555,1.925,18.643
172,3.445,28.37,17.833,2.533,8.612,24.013,17.427,21.48,32.828,31.308
173,7.295,10.436,29.89,30.7,33.436,27.255,15.299,21.176,10.436,31.511
174,16.819,19.048,26.749,23.507,10.639,13.476,6.586,1.013,24.317,9.727
175,13.982,24.317,32.321,15.502,1.216,22.696,33.537,3.141,28.167,11.449
176,29.383,31.308,8.207,18.136,25.837,14.185,1.317,0.203,4.965,12.969
177,33.943,7.498,29.079,5.978,1.216,24.925,22.088,14.388,33.841,23.608
178,4.458,8.815,32.321,12.868,35.361,13.678,16.718,27.458,33.74,10.943
179,32.929,24.722,10.436,23.912,2.837,23.304,9.423,34.247,8.004,24.722
180,31.308,16.819,2.634,33.436,31.41,28.573,14.692,9.626,31.815,15.502
181,31.207,14.894,12.361,20.872,26.242,31.714,18.035,3.141,5.269,4.458
182,18.44,7.194,34.551,17.63,2.33,0.405,31.511,23.304,14.692,12.463
183,11.855,3.445,26.445,23.608,25.634,29.484,23.608,0.203,34.854,34.449
184,30.295,31.106,4.863,15.705,31.916,35.462,29.181,36.374,8.106,22.797
185,7.498,3.952,32.524,15.907,13.172,23.608,29.687,31.916,18.035,18.846
186,7.194,22.189,8.308,17.934,21.581,5.167,4.357,35.158,1.824,2.533
187,10.132,17.63,35.766,20.568,33.335,17.123,11.145,25.229,17.326,20.973
188,16.617,32.929,18.846,10.233,10.031,26.546,17.529,11.753,31.714,7.7
189,32.828,35.26,6.89,25.837,25.634,6.789,16.515,19.251,19.555,6.383
190,11.247,31.207,8.916,26.85,23,26.85,24.52,27.357,10.233,24.722
191,32.929,25.33,12.969,20.264,2.33,28.471,11.044,7.7,31.308,8.308
192,11.652,31.916,7.903,8.511,35.564,6.079,4.154,32.423,6.282,8.106
193,34.145,10.537,27.762,15.502,6.586,24.925,16.313,0.709,34.956,31.308
194,19.96,10.74,3.04,33.132,23.608,29.079,29.788,26.04,10.639,8.511
195,35.868,3.344,25.026,22.696,24.013,34.449,0.101,27.559,29.282,22.696
196,1.216,32.727,0.101,20.67,18.846,7.903,1.824,27.357,5.573,18.035
197,10.436,29.89,3.952,24.418,32.423,6.485,28.066,12.766,15.603,3.749
198,31.106,1.621,21.581,22.493,31.41,5.978,30.194,33.639,10.031,3.141
199,7.194,13.881,14.692,31.612,34.652,23.507,27.154,31.916,33.537,2.736
200,23.101,10.841,33.74,9.929,9.828,4.255,3.242,18.136,32.22,24.216
201,21.581,29.586,20.568,17.123,6.687,7.802,18.947,27.762,4.863,24.114
202,26.647,33.74,30.092,24.418,9.018,17.934,22.088,17.731,23.81,9.018
203,28.573,1.115,22.797,7.802,2.432,9.524,1.722,24.722,20.467,22.291
204,1.013,28.674,35.462,36.07,26.04,3.344,25.533,13.273,8.511,36.07
205,5.066,20.467,12.969,2.938,24.621,13.881,10.74,27.053,13.881,13.07
206,24.216,24.722,15.907,25.634,34.956,1.722,10.436,6.181,25.432,23.203
207,16.617,12.26,18.339,33.335,0.405,27.762,4.357,7.092,22.189,21.075
208,4.863,28.269,3.445,23.405,12.564,1.418,20.264,33.031,32.828,12.766
209,3.242,8.308,21.379,13.172,35.26,10.841,1.317,23.203,25.938,6.586
210,19.251,19.352,17.833,33.436,32.423,3.04,3.749,15.198,10.943,13.07
211,7.396,17.833,22.595,18.947,13.678,32.929,31.004,31.308,16.617,4.053
212,13.374,0.811,34.044,23.709,33.132,21.48,6.485,4.965,12.463,24.621
213,33.639,28.167,0.507,20.467,7.498,23.608,20.67,33.233,26.445,10.031
214,29.687,12.463,7.498,26.04,14.388,5.471,33.031,18.846,18.339,28.978
215,29.181,21.987,8.511,27.458,1.216,19.96,18.238,5.573,34.551,3.445
216,15.603,26.546,2.128,6.282,22.899,3.749,22.797,5.269,18.339,4.255
217,27.053,6.282,10.335,26.749,5.066,6.687,16.211,25.229,7.396,12.868
218,23.203,30.903,26.242,26.85,6.991,32.321,13.172,14.084,13.78,33.233
219,18.947,28.066,3.242,23.709,18.744,25.938,32.828,8.916,34.044,24.722
220,2.736,4.762,24.418,32.119,32.22,19.96,4.965,4.255,19.555,24.114
221,1.013,11.145,7.903,9.322,25.229,5.37,31.207,2.533,3.952,20.467
222,19.454,23.81,19.656,1.824,7.295,4.357,9.018,34.551,3.749,13.982
223,20.163,35.766,24.317,19.048,34.753,31.714,6.383,32.929,31.916,16.921
224,13.172,0.811,31.207,17.934,15.907,17.225,12.057,7.194,17.529,25.533
225,29.181,12.969,9.828,14.793,16.718,33.841,3.445,34.348,2.634,13.172
226,22.189,31.511,18.238,35.462,5.471,12.361,8.916,16.921,18.339,26.647
227,27.661,29.282,35.969,15.806,26.344,32.423,29.383,2.736,14.692,1.52
228,34.145,14.692,5.37,29.788,32.321,32.22,15.097,7.396,3.85,23.912
229,22.189,2.128,21.987,4.559,2.837,15.603,13.678,4.559,16.414,33.335
230,13.78,3.445,17.833,17.022,33.74,34.753,27.053,2.026,0.507,28.674
231,32.828,33.841,20.163,25.533,35.665,20.568,0.405,17.731,21.176,35.868
232,20.467,19.656,4.762,24.824,29.991,21.581,14.388,3.242,12.057,26.242
233,22.696,33.943,35.665,8.308,12.564,0.608,22.291,29.687,21.176,20.568
234,25.33,3.648,7.295,36.172,11.348,0.507,29.383,33.537,20.568,5.269
235,27.762,25.634,34.854,36.07,29.788,7.498,25.938,14.489,32.828,24.925
236,12.665,1.925,6.282,15.502,0.608,32.321,29.991,14.793,36.273,14.489
237,25.33,13.273,29.89,17.225,2.634,12.969,1.925,31.308,12.057,31.916
238,18.238,17.225,14.894,16.921,30.396,2.837,9.828,16.921,31.612,1.722
239,24.621,4.255,25.533,16.515,30.092,21.885,29.383,24.013,20.163,31.714
240,25.229,30.194,18.643,35.057,34.145,7.903,25.432,15.401,25.533,4.762
241,35.462,2.837,27.053,35.868,9.322,8.612,30.599,16.718,21.885,33.537
242,12.969,20.467,33.233,14.894,17.427,3.952,24.824,9.423,10.132,31.106
243,2.533,8.714,33.132,4.559,32.119,30.599,21.48,28.674,34.348,2.33
244,24.52,2.533,35.766,17.731,32.321,11.753,27.559,13.273,1.418,11.247
245,6.485,23.81,32.423,19.859,3.546,33.233,20.366,4.762,5.471,16.819
246,5.978,12.26,3.445,32.929,11.956,3.546,31.004,4.458,21.277,32.524
247,19.352,15.299,1.317,16.211,31.714,10.639,29.89,32.828,10.436,8.815
248,34.449,5.978,22.797,21.581,12.665,29.687,33.639,25.026,31.41,16.819
249,30.599,11.449,5.37,33.436,2.736,7.396,29.383,25.432,31.41,9.828
250,16.414,21.581,17.123,24.013,11.956,26.344,16.515,3.242,25.533,18.44
251,15.502,16.718,19.758,8.612,27.661,20.973,23.405,32.828,27.053,14.59
252,20.973,31.612,2.026,3.344,28.066,12.463,1.621,2.128,35.766,14.692
253,22.797,35.868,34.753,0.608,36.374,29.181,12.463,24.013,27.762,16.921
254,0.608,5.066,18.947,1.216,30.092,20.568,15.705,18.542,1.824,15.502
255,33.841,7.802,6.991,33.132,33.639,26.141,35.057,33.639,28.269,3.546
256,33.537,19.656,32.625,5.978,10.233,0.203,32.017,3.952,5.978,16.617
257,8.612,32.321,9.626,36.172,11.855,3.04,31.004,25.432,17.427,9.929
258,33.031,7.498,8.004,6.485,19.758,17.731,0.203,27.357,1.824,17.123
259,14.996,11.551,0.405,4.053,5.674,7.599,22.696,26.242,4.559,36.07
260,33.639,34.247,8.004,17.225,17.123,13.476,26.85,24.722,10.74,31.714
261,30.396,17.022,31.511,18.744,30.7,19.656,33.639,29.89,31.511,28.573
262,24.216,6.181,18.339,0.304,9.22,7.903,35.057,23.203,31.714,5.573
263,19.352,23.709,27.255,22.392,12.969,34.044,21.075,10.74,32.119,8.41
264,28.471,18.136,5.573,34.956,35.361,0.101,3.546,11.753,35.057,14.996
265,10.841,6.079,6.282,28.37,13.678,13.172,14.996,35.969,33.233,20.67
266,12.868,20.771,27.053,10.537,23.709,17.934,6.282,1.824,15.705,3.546
267,19.454,33.335,13.172,4.762,3.952,0.203,5.573,6.789,29.282,15.907
268,12.463,25.837,20.366,24.52,15.502,2.026,15.907,1.216,5.37,17.427
269,33.537,14.388,18.035,23.405,27.154,21.784,30.7,25.229,14.59,31.207
270,20.872,17.731,15.907,7.295,3.242,2.33,21.885,14.996,34.854,30.903
271,10.639,24.722,9.119,22.797,23.405,2.432,24.824,10.132,22.088,5.37
272,9.524,13.678,4.255,7.092,7.194,10.537,17.63,30.802,24.216,25.128
273,12.564,22.291,10.943,8.714,33.233,19.251,30.498,20.163,28.877,12.969
274,2.634,31.916,27.863,27.965,2.026,20.67,14.286,12.868,3.344,13.374
275,20.163,12.766,33.74,24.013,35.26,12.26,3.04,8.511,18.643,35.868
276,13.273,25.128,11.753,30.396,8.207,2.432,16.921,14.894,20.163,12.868
277,23.608,33.132,31.106,0.304,7.599,31.714,5.877,2.533,27.255,18.035
278,20.973,0.304,23.608,24.317,20.163,15.198,20.467,8.004,32.423,27.559
279,5.471,10.639,10.031,23.203,21.885,5.877,9.828,25.229,3.344,8.815
280,25.432,18.136,16.718,32.423,3.242,2.634,31.815,2.128,21.379,23.203
281,32.119,2.432,23.507,30.194,14.793,8.815,3.85,15.198,2.229,4.965
282,19.048,0.304,27.357,32.929,25.128,5.573,14.894,26.445,2.432,0.608
283,20.062,10.841,3.04,29.181,35.766,3.344,34.145,22.493,21.075,24.925
284,3.952,2.33,13.78,33.943,10.436,23.203,27.863,21.379,11.753,32.524
285,35.969,9.727,15.401,35.057,20.264,8.308,30.396,26.951,17.731,0.912
286,29.991,10.233,4.458,28.775,35.564,4.661,6.282,7.194,4.965,32.828
287,32.017,34.652,2.229,15.603,17.427,13.273,18.846,18.339,6.079,34.753
288,1.722,8.511,7.396,19.96,32.321,10.943,4.762,10.943,25.533,31.004
289,17.123,21.075,1.52,32.119,14.286,9.828,8.41,4.255,15.603,9.727
290,32.119,1.317,32.727,8.511,22.595,25.938,10.132,32.119,27.762,22.595
291,21.987,34.956,7.498,34.348,32.119,3.445,27.053,33.841,17.934,4.154
292,12.665,33.943,32.119,6.485,22.696,24.925,22.797,33.74,0.101,10.233
293,4.559,21.277,13.577,22.189,6.586,4.357,28.674,23.912,0.405,33.233
294,22.899,23.203,14.489,33.233,26.242,13.881,36.07,26.344,12.564,3.952
295,20.973,8.308,10.74,26.85,13.273,3.749,4.357,2.837,34.854,25.33
296,3.648,21.379,5.674,6.789,35.057,26.749,10.031,19.96,28.775,34.449
297,24.216,21.379,23.507,14.388,9.22,1.52,23.405,8.815,18.542,29.484
298,20.163,30.802,2.33,24.824,31.004,30.802,34.551,25.026,17.123,28.978
299,24.722,34.348,17.529,26.951,18.339,21.075,27.053,35.158,3.445,21.075
300,2.533,18.44,14.286,30.498,27.762,9.322,23.101,12.159,24.824,20.568
301,33.537,10.841,10.335,1.52,0.811,33.537,10.031,33.943,9.322,11.449
302,18.44,29.586,31.511,26.344,16.009,16.617,4.762,0.507,14.388,11.855
303,31.815,32.423,23.101,31.207,24.114,35.158,15.097,33.74,34.247,23.912
304,22.595,15.603,19.758,19.454,28.674,25.938,18.947,15.907,26.749,24.013
305,18.44,34.044,31.106,20.467,16.414,27.559,17.326,8.511,31.106,5.573
306,12.463,0.304,21.885,8.916,2.736,16.819,18.44,0.709,7.802,2.736
307,11.652,24.722,18.035,22.696,29.282,15.401,18.744,13.982,21.581,33.335
308,9.828,21.075,5.877,13.881,33.74,29.079,33.233,9.626,12.969,36.374
309,33.537,0.203,35.361,5.775,9.018,1.013,16.11,22.696,10.031,27.154
310,17.63,18.44,32.22,29.89,29.687,12.463,32.423,15.502,12.463,22.189
311,13.78,25.026,24.216,35.766,7.194,3.242,26.445,35.766,12.665,20.771
312,23,9.322,33.335,12.766,10.132,8.511,13.476,28.674,33.436,36.374
313,14.692,21.48,5.269,30.599,12.766,33.74,34.854,0.101,11.551,20.771
314,28.775,25.634,9.018,26.749,24.114,20.67,25.634,9.626,15.603,13.78
315,10.841,33.031,11.247,27.965,13.172,8.511,8.916,24.722,12.463,24.925
316,35.462,1.52,3.749,14.692,30.295,21.885,0.608,26.749,4.458,5.978
317,18.643,3.85,24.52,31.308,11.956,31.714,17.427,29.687,5.37,29.89
318,22.899,10.233,7.599,8.004,5.066,34.854,10.335,11.348,10.841,7.599
319,21.683,4.863,6.586,13.07,35.462,35.057,33.639,24.621,12.564,9.119
320,28.37,15.401,7.295,28.167,24.925,7.194,20.771,6.586,17.225,14.894
321,21.379,3.85,18.846,10.132,4.965,30.903,28.775,8.714,31.714,7.903
322,12.868,6.586,1.418,16.009,19.96,20.467,11.956,12.868,16.414,19.96
323,3.952,9.626,2.837,33.74,2.938,4.053,26.951,32.321,20.467,18.339
324,2.736,24.418,16.515,10.031,21.885,21.48,20.771,6.181,29.788,14.59
325,22.797,0.709,15.502,27.661,14.59,9.524,24.621,36.273,21.176,17.427
326,4.863,29.788,30.903,13.881,3.242,34.449,24.722,33.841,4.357,7.802
327,5.674,35.462,7.802,7.802,23.608,11.145,13.78,17.123,33.537,28.775
328,1.418,32.828,2.533,20.771,7.599,27.357,32.828,0.405,10.537,30.498
329,9.929,7.599,32.625,22.595,7.498,35.564,10.639,28.978,14.286,0.709
330,2.432,19.758,11.348,15.806,12.463,23.507,19.555,8.106,5.775,18.238
331,16.11,20.467,0.203,28.066,4.357,18.136,3.546,25.33,10.537,24.418
332,33.436,34.348,30.802,35.462,23.405,0.811,6.079,29.89,8.714,28.573
333,2.33,34.551,14.59,29.181,21.987,29.282,1.722,30.599,10.132,5.269
334,4.863,33.031,2.229,6.789,3.445,25.229,27.661,18.744,9.626,33.639
335,8.916,21.885,9.018,35.462,8.714,24.824,17.326,9.018,3.242,12.057
336,26.546,6.079,32.524,2.533,35.057,13.172,9.828,33.335,34.753,21.784
337,12.26,30.903,28.167,35.26,28.573,35.26,5.066,18.136,27.965,10.537
338,15.198,6.383,21.277,35.665,22.291,17.833,1.722,24.824,35.564,24.013
339,12.564,29.079,15.603,35.665,33.031,17.427,7.802,15.401,4.255,23.709
340,23.912,8.308,15.401,18.947,3.648,22.392,14.388,13.476,11.956,8.106
341,3.242,11.956,18.947,24.925,9.524,7.092,13.577,16.921,10.639,4.458
342,14.489,19.048,18.44,2.229,19.048,28.978,1.013,30.194,14.185,5.775
343,6.485,16.819,32.321,18.947,21.987,26.344,21.987,6.383,9.929,15.097
344,2.533,15.907,16.313,7.396,2.229,32.119,28.573,20.163,27.661,28.978
345,18.035,35.564,32.524,29.181,27.458,1.216,25.229,22.797,20.264,35.868
346,21.176,33.031,24.824,20.163,22.696,14.388,18.339,9.322,12.463,17.123
347,18.542,7.092,35.462,25.634,9.22,25.33,24.52,12.766,19.96,28.066
348,3.648,28.37,10.74,30.903,4.661,4.458,12.564,8.004,12.159,16.617
349,29.079,35.766,10.943,21.581,6.89,9.22,21.683,27.965,7.7,18.846
350,9.828,17.225,21.987,22.696,2.634,0.709,14.185,19.251,25.128,34.652
351,13.577,30.903,22.189,6.789,11.145,9.828,28.674,13.374,7.396,9.22
352,14.185,22.595,31.41,15.401,2.229,25.837,32.929,28.674,30.802,5.775
353,3.04,29.89,17.63,12.766,10.132,6.789,11.551,14.388,18.846,34.753
354,35.564,29.181,31.916,6.789,1.013,21.784,17.225,10.335,15.401,16.313
355,6.991,20.568,25.634,13.273,1.722,32.22,13.577,25.938,17.63,13.476
356,24.114,9.22,16.718,11.449,15.806,17.63,28.573,0.507,31.004,15.299
357,9.828,19.454,8.308,11.753,31.207,15.502,27.661,33.841,31.004,0.811
358,13.678,8.106,30.295,24.925,20.467,36.273,14.185,13.881,20.568,11.044
359,31.106,10.943,11.956,12.057,9.727,24.216,15.097,17.63,26.445,8.815
360,32.22,7.903,1.722,3.749,26.951,8.106,27.053,33.031,9.119,8.511
361,13.07,1.013,20.062,4.357,4.458,36.07,4.863,13.172,1.824,10.233
362,28.269,13.374,33.031,27.965,11.044,11.956,4.661,0.811,12.766,30.092
363,7.295,13.172,0.811,20.467,4.458,28.167,27.661,20.366,22.189,14.286
364,14.286,15.806,3.952,36.07,0.507,20.062,17.123,20.163,28.674,19.96
365,29.181,5.269,16.009,4.965,2.229,11.247,2.33,25.128,28.674,29.282
366,24.621,27.863,10.943,33.436,30.903,11.753,0.912,6.586,21.987,31.106
367,8.612,32.017,26.85,4.863,10.335,34.145,11.753,8.511,29.383,8.207
368,15.198,2.837,22.392,9.119,17.022,19.859,19.352,16.718,21.987,21.784
369,6.383,27.458,4.458,15.502,11.652,32.828,29.788,14.59,5.674,14.59
370,1.013,34.956,15.401,10.031,20.467,1.722,25.837,25.736,5.066,30.7
371,11.145,8.714,10.132,28.066,4.458,32.929,0.507,14.286,2.634,26.344
372,4.762,24.621,35.158,23.912,14.388,24.013,17.731,15.907,10.335,1.925
373,32.524,6.485,31.308,31.207,36.374,25.533,31.714,11.652,5.269,2.837
374,12.463,31.815,13.172,17.225,22.392,32.828,34.145,13.577,30.599,32.321
375,14.084,4.255,16.11,4.863,5.471,7.802,10.031,34.145,4.965,8.41
376,14.084,8.612,21.987,17.934,26.344,21.885,0.203,9.626,27.053,19.15
377,27.559,5.775,17.123,2.736,18.542,2.837,3.242,27.053,26.951,28.573
378,23.507,0.101,13.678,8.004,28.573,6.687,13.374,12.665,16.313,3.445
379,17.731,21.379,32.828,4.863,7.092,20.973,29.282,0.608,24.418,5.167
380,2.432,16.11,23.912,13.577,10.031,1.722,16.515,36.172,8.41,36.07
381,22.189,5.978,16.009,26.344,23.709,22.088,20.366,8.714,22.595,23.81
382,11.652,4.965,12.868,33.537,20.568,0.912,29.586,34.247,26.951,22.899
383,23,1.216,22.493,2.837,12.361,28.066,13.881,17.934,10.74,13.678
384,21.683,11.247,29.89,13.374,3.242,34.044,14.996,9.524,23,23
385,11.652,3.749,11.551,9.929,7.802,17.022,11.348,24.114,2.938,26.546
386,25.533,20.973,30.903,15.705,29.383,15.907,32.929,1.418,22.189,9.22
387,29.586,7.396,28.573,20.467,12.057,4.965,13.273,22.291,8.916,23.507
388,8.815,10.233,3.546,6.991,21.176,31.916,24.418,12.969,29.282,33.436
389,34.449,3.546,21.784,14.692,0.507,32.22,28.775,31.207,19.859,22.088
390,17.63,27.965,8.106,5.269,17.123,4.863,16.617,24.114,15.299,35.26
391,14.692,27.458,23.405,25.837,21.379,17.022,8.916,22.899,28.066,2.128
392,30.7,19.352,2.026,27.559,22.696,27.863,2.229,10.74,7.092,1.115
393,27.762,24.52,15.806,20.973,21.176,21.277,23,21.379,32.423,12.564
394,29.89,24.52,32.017,34.348,21.075,1.52,6.586,9.22,30.194,32.423
395,12.361,10.841,25.634,34.145,9.626,31.714,13.172,27.255,18.339,10.841
396,16.617,16.617,7.498,35.766,31.004,3.749,1.722,11.652,30.903,11.449
397,2.128,35.462,15.806,18.846,21.48,10.841,21.987,26.647,23.405,8.511
398,20.163,28.674,34.044,32.727,14.084,3.141,35.158,29.181,15.705,22.696
399,27.357,10.841,32.625,10.943,16.819,33.132,12.361,6.079,19.251,24.418
400,28.066,6.687,14.388,25.026,18.339,28.978,1.418,16.009,32.929,20.366
401,35.969,9.322,20.771,6.282,28.573,22.899,5.471,1.621,5.269,25.128
402,1.013,27.863,28.167,27.255,25.837,1.418,9.727,11.652,5.471,15.907
403,28.674,28.066,24.114,11.044,9.423,13.476,11.753,3.85,22.595,1.317
404,26.85,10.233,16.414,19.859,5.37,17.225,14.388,25.533,32.22,30.498
405,7.802,25.736,35.868,12.766,13.172,13.577,30.295,19.96,34.854,8.916
406,30.092,31.511,36.07,28.269,19.555,10.031,25.026,8.612,27.965,9.524
407,8.815,24.216,12.463,28.775,15.198,27.458,12.463,2.533,27.661,27.255
408,4.965,26.85,16.718,23.709,19.15,33.436,0.203,33.031,18.339,2.33
409,18.846,29.788,6.89,13.881,17.326,25.432,0.709,26.344,11.956,26.445
410,27.154,18.947,1.216,30.599,12.26,36.374,30.092,22.797,9.322,14.286
411,4.559,23.405,10.031,8.916,13.172,3.749,17.63,32.321,1.722,18.035
412,11.145,0.811,25.938,16.211,17.833,28.877,31.612,23.912,22.696,11.247
413,21.075,28.978,5.775,4.053,2.128,27.661,10.74,6.991,7.295,30.396
414,31.916,23.507,36.374,2.837,10.537,2.229,31.714,28.674,31.511,4.965
415,11.551,27.255,12.057,29.181,27.255,18.339,20.366,29.89,20.163,16.11
416,0.203,23.507,22.595,0.203,16.617,10.537,0.608,4.154,19.96,18.643
417,8.612,35.665,15.705,13.374,35.665,6.485,3.546,27.762,26.445,31.612
418,8.004,7.7,19.758,34.145,29.484,4.863,14.59,18.339,7.396,30.396
419,2.736,6.485,17.833,11.449,4.458,4.863,24.216,5.471,25.432,20.467
420,9.727,27.458,2.229,10.233,8.815,28.066,22.899,19.555,14.996,14.692
421,13.78,35.969,13.577,20.973,20.062,21.277,34.145,29.991,26.85,23
422,20.264,12.159,5.167,29.282,26.749,30.903,3.141,12.057,5.066,5.066
423,5.167,10.537,19.758,35.564,13.172,0.304,19.251,25.128,32.017,9.727
424,12.868,25.736,23.203,2.837,14.793,28.471,29.181,20.973,23,26.141
425,34.854,31.106,4.154,36.07,9.22,28.167,9.727,14.59,34.854,33.537
426,11.956,26.546,2.432,25.128,24.824,2.837,23.608,10.335,0.608,12.361
427,27.154,18.744,11.652,33.132,6.383,24.013,32.625,23.203,13.78,34.956
428,28.167,32.828,18.542,16.414,7.194,5.674,31.004,5.674,21.075,18.542
429,10.943,9.524,34.753,25.128,15.502,6.079,23.608,29.89,7.396,16.211
430,17.63,3.445,30.802,20.163,4.357,16.11,8.207,14.59,10.031,26.546
431,2.33,31.308,32.929,26.951,25.533,26.141,17.123,19.96,35.969,17.225
432,22.696,19.656,1.824,0.912,4.661,15.299,24.621,5.775,19.15,35.26
433,29.181,13.78,33.132,12.463,28.775,30.092,2.837,14.793,10.841,6.991
434,10.841,31.004,26.85,27.053,33.841,6.89,4.357,18.238,23.507,30.396
435,10.031,7.396,0.811,4.357,22.696,0.709,1.925,33.233,16.515,13.678
436,21.683,21.784,14.996,10.639,24.824,26.04,0.507,23,23.912,27.255
437,30.092,25.33,17.529,32.625,11.855,32.625,0.709,25.837,22.291,8.004
438,10.74,26.445,16.211,4.255,17.529,14.692,8.41,32.828,32.929,2.026
439,1.722,9.322,32.22,15.806,11.956,5.877,27.154,8.004,22.797,13.374
440,17.934,31.004,24.824,15.198,28.877,0.912,33.436,30.194,5.674,27.762
441,2.33,9.018,21.48,1.722,25.736,30.498,14.894,26.749,1.925,26.749
442,23,30.396,23,2.634,16.617,26.141,28.877,4.559,14.084,25.33
443,21.48,9.727,6.181,19.758,30.599,3.344,6.586,36.374,9.524,18.035
444,22.392,31.714,18.846,11.753,25.229,13.78,28.066,24.925,21.277,15.705
445,23.709,31.815,24.114,15.097,2.938,31.511,25.736,12.463,28.877,3.648
446,14.59,5.269,24.013,28.471,26.344,31.308,30.498,29.687,19.454,30.498
447,7.092,7.498,0.203,33.74,30.802,10.233,19.758,5.775,13.07,9.626
448,2.026,26.445,32.119,23,33.436,24.216,17.934,27.661,18.744,16.313
449,1.621,15.097,25.837,30.498,7.599,15.198,6.383,20.467,20.568,8.612
450,18.947,27.559,21.784,3.648,5.674,14.388,15.705,36.07,30.194,18.44
451,8.815,20.771,28.775,32.727,17.123,29.484,30.7,17.934,33.841,5.167
452,21.48,5.775,23.203,5.573,23.101,18.846,35.26,16.617,7.396,34.753
453,19.454,21.581,8.106,9.929,31.612,18.44,7.396,8.714,6.89,22.595
454,34.956,14.388,29.788,20.163,17.225,8.511,25.026,11.145,17.63,29.484
455,8.207,20.973,21.075,3.85,23.608,28.37,30.194,7.295,9.423,23
456,6.181,14.489,4.154,1.925,15.603,28.471,34.247,23.81,16.718,8.41
457,18.846,3.85,7.903,35.057,2.837,35.766,2.837,31.612,32.625,19.048
458,21.48,24.621,20.062,0.405,12.159,34.753,15.603,35.969,1.317,9.626
459,26.344,5.471,2.432,34.854,31.308,7.802,21.581,33.74,27.559,26.85
460,17.63,19.352,27.762,16.921,31.106,4.357,4.053,12.361,7.599,15.502
461,31.41,14.996,15.502,34.652,27.458,10.436,30.092,23.912,2.229,35.868
462,33.943,14.286,8.612,0.709,4.863,6.079,10.132,24.013,14.692,10.436
463,25.837,6.89,10.639,19.96,5.269,12.26,34.956,28.269,31.815,5.167
464,11.145,27.458,17.427,29.079,34.044,11.247,6.485,4.661,11.247,34.449
465,33.74,33.436,14.996,13.273,25.938,5.37,9.22,6.991,16.211,13.172
466,10.841,28.37,8.41,17.326,36.273,7.498,14.59,22.088,34.652,5.066
467,14.793,3.749,7.396,11.753,9.828,20.771,8.308,31.207,28.775,26.647
468,11.652,2.634,28.269,14.084,23,23.608,30.903,27.255,5.674,22.595
469,30.802,31.714,23.304,5.775,29.788,22.696,6.89,16.211,1.317,18.136
470,31.308,30.7,5.978,5.066,21.683,17.63,16.11,27.255,23.608,35.361
471,12.361,28.066,2.533,1.925,1.418,35.462,6.485,2.634,13.374,26.546
472,25.736,30.194,15.097,22.291,35.766,27.863,21.48,12.665,5.37,0.203
473,16.718,10.74,19.251,17.731,26.749,2.33,17.427,28.877,22.392,35.969
474,5.775,15.401,28.066,27.458,17.022,25.938,13.78,26.647,31.207,9.828
475,25.938,24.722,34.753,22.493,24.418,17.225,2.229,32.22,18.947,18.339
476,14.185,10.031,3.242,9.929,14.084,33.233,2.736,16.617,29.079,27.458
477,13.78,27.559,7.498,24.621,27.863,12.868,18.643,15.401,31.207,4.559
478,6.89,19.352,17.731,29.687,17.731,23.81,0.405,18.035,1.722,15.401
479,32.929,26.242,19.859,14.793,35.766,20.771,34.247,22.189,16.313,13.881
480,30.396,31.308,10.74,1.418,13.07,24.925,5.775,8.714,33.74,28.573
481,10.943,7.396,27.255,6.687,14.894,33.74,34.753,22.291,4.863,32.119
482,2.026,23.405,16.617,9.018,25.938,3.344,30.396,13.881,14.286,29.383
483,32.727,18.846,3.242,20.67,10.436,9.727,34.652,17.934,10.031,35.158
484,13.982,33.537,34.449,26.04,7.194,1.115,21.885,35.26,1.013,21.784
485,2.229,12.463,2.736,22.696,0.507,9.22,25.837,31.106,19.454,25.128
486,3.344,2.33,35.868,32.727,21.075,22.493,21.176,24.722,35.969,12.868
487,26.242,28.877,1.621,19.555,28.877,5.37,16.921,10.943,19.656,0.304
488,18.035,13.07,2.533,24.621,32.119,26.242,15.502,32.625,30.7,15.705
489,30.396,11.145,8.41,5.775,22.189,23.304,4.458,28.978,9.22,24.216
490,28.269,34.044,2.533,28.269,9.018,35.26,19.352,3.141,13.577,14.084
491,21.683,28.269,18.542,32.828,17.529,5.877,8.511,11.044,8.308,19.251
492,19.555,11.247,22.189,13.577,27.357,11.855,24.925,25.432,15.502,35.057
493,3.344,10.639,33.639,13.476,29.991,29.484,19.048,29.383,13.273,20.264
494,12.564,3.445,6.789,2.026,4.863,13.172,23.912,22.797,4.762,1.824
495,9.626,31.106,35.26,18.947,31.714,5.573,1.52,28.269,21.885,4.762
496,22.797,20.973,1.52,19.96,14.59,7.194,8.207,6.485,9.22,30.903
497,1.115,20.467,29.991,12.868,16.414,31.916,9.524,1.013,33.74,18.136
498,5.37,23.912,18.846,2.128,14.185,32.524,10.436,9.22,8.714,34.652
499,10.537,29.991,3.749,10.335,12.564,27.255,18.136,11.551,19.454,12.665
500,21.885,8.41,23.507,4.559,12.057,16.921,10.132,3.344,28.674,9.828
501,28.573,2.533,5.775,5.471,2.533,20.67,18.744,18.339,9.119,22.696
502,16.515,35.361,33.436,35.564,21.176,8.815,32.22,36.374,4.661,5.066
503,22.189,17.326,12.969,13.172,11.145,31.815,5.471,9.626,21.885,21.277
504,33.031,22.392,4.559,24.114,36.374,9.322,15.705,10.436,4.559,11.145
505,29.079,25.634,17.326,0.811,20.467,1.824,30.903,25.736,30.295,7.194
506,3.749,21.683,19.859,27.154,13.172,29.282,6.282,19.859,21.683,5.066
507,29.181,24.114,15.097,28.471,19.758,1.216,3.445,9.727,35.26,0.304
508,6.485,15.401,13.273,26.141,16.211,24.52,34.145,14.489,27.154,9.018
509,34.854,12.057,32.727,34.551,24.925,27.863,4.255,0.912,7.092,8.714
510,23.608,31.714,16.414,24.722,12.057,35.462,8.714,8.511,21.075,5.674
511,13.78,18.846,29.687,27.863,9.018,35.665,25.837,14.692,24.216,10.943
512,7.295,13.476,34.247,20.366,7.092,25.229,8.207,19.656,28.877,15.705
513,16.921,10.74,8.511,7.599,35.26,14.793,26.85,29.89,5.775,12.463
514,1.824,19.352,6.282,1.115,22.696,21.581,20.163,13.374,2.634,3.85
515,28.269,21.987,32.828,32.929,29.484,33.031,12.361,27.559,22.595,24.52
516,33.74,9.423,10.74,35.868,33.537,30.295,21.48,15.401,10.436,7.092
517,34.247,27.559,33.233,30.599,0.507,26.546,17.123,18.846,5.269,8.815
518,17.529,23,0.608,11.044,4.154,9.322,7.295,19.15,25.026,13.07
519,34.449,18.846,12.057,0.811,32.423,6.485,10.335,6.991,18.339,31.004
520,5.37,33.537,28.167,30.498,15.603,18.136,13.273,1.52,32.119,14.996
521,4.559,12.766,34.247,9.119,10.74,2.938,28.269,32.22,16.718,31.004
522,24.114,33.233,3.445,33.639,12.665,22.899,6.079,6.485,12.868,2.026
523,24.216,9.119,19.352,2.736,21.581,9.119,21.277,28.573,16.211,0.203
524,2.938,5.167,35.057,7.802,36.374,1.115,7.396,34.247,5.471,27.458
525,25.533,15.401,29.079,6.485,29.484,14.185,7.802,27.357,18.846,3.546
526,4.559,11.044,32.017,25.736,14.793,11.247,16.211,34.449,7.802,31.612
527,16.313,0.405,11.753,19.15,1.216,25.837,7.498,17.225,0.709,15.401
528,31.41,5.877,8.714,13.577,29.586,23,28.877,28.674,5.066,19.555
529,35.057,36.374,29.586,7.295,1.925,11.247,5.066,28.167,22.696,23.203
530,29.89,18.136,30.295,4.965,4.255,27.965,32.423,14.388,7.295,10.031
531,8.41,10.841,7.194,27.559,13.577,9.929,34.652,5.877,24.114,12.665
532,33.537,27.559,20.67,24.824,2.229,35.158,1.013,7.295,12.26,11.449
533,12.463,12.766,31.41,27.357,16.819,23.507,15.603,16.009,27.965,10.639
534,29.383,18.846,10.031,10.943,12.361,5.269,4.154,31.714,1.925,12.564
535,8.207,31.41,35.969,25.026,13.476,26.749,30.599,21.987,15.401,13.982
536,13.273,14.996,20.872,27.965,12.969,31.714,27.863,6.079,21.176,20.264
537,6.485,6.181,21.176,34.348,18.542,9.626,11.551,19.15,5.37,14.59
538,31.612,18.238,17.427,28.066,15.401,26.647,3.952,5.471,9.119,28.37
539,3.242,34.247,32.119,13.881,24.925,21.683,22.696,34.956,22.392,24.621
540,22.797,5.877,8.612,30.498,24.013,15.907,13.678,31.916,34.247,7.903
541,15.198,5.573,18.238,23.912,17.934,25.938,22.088,20.568,35.969,13.476
542,13.07,27.154,5.37,23.203,35.868,24.114,19.96,30.396,25.533,9.828
543,24.418,9.018,23.81,16.414,16.515,27.357,31.815,15.502,35.057,17.529
544,18.643,25.33,15.299,32.727,15.198,21.784,7.7,23.709,24.114,16.009
545,35.057,6.181,3.04,21.987,11.753,8.916,22.797,22.899,10.943,5.978
546,20.467,20.771,0.608,20.163,28.471,12.665,24.114,28.269,0.405,23.912
547,2.938,26.546,35.969,36.273,22.392,28.471,35.462,26.242,2.026,26.04
548,12.463,22.696,20.264,13.476,34.348,26.951,34.044,35.665,34.551,16.819
549,15.907,10.943,30.092,34.551,8.106,20.366,29.586,9.423,34.652,29.991
550,16.921,19.758,12.159,12.766,31.916,5.978,17.934,26.647,0.203,2.634
551,24.418,7.903,32.828,26.344,36.374,15.299,10.436,12.766,27.863,24.418
552,29.484,13.374,16.313,16.211,26.141,26.749,13.881,2.634,0.405,4.357
553,10.943,25.026,35.361,9.929,5.674,17.022,9.727,20.467,35.057,12.766
554,28.269,10.841,9.322,14.692,19.859,8.714,13.577,10.943,24.114,5.37
555,16.11,32.727,10.74,4.965,13.881,23.81,25.837,0.709,10.537,2.432
556,14.894,7.498,22.899,9.119,10.031,7.194,30.396,26.749,28.269,3.344
557,23.304,27.762,16.009,8.916,11.855,30.498,11.145,20.568,5.269,6.789
558,12.361,32.22,12.057,30.599,17.123,26.141,8.815,7.295,13.577,8.916
559,2.533,4.053,17.225,9.524,1.418,1.621,34.854,30.802,5.978,1.013
560,28.167,13.78,4.863,22.696,17.427,30.295,27.762,0.507,13.78,20.366
561,21.379,11.348,29.079,0.203,17.427,21.48,30.396,7.396,28.167,20.568
562,15.705,21.379,16.515,28.269,21.581,22.595,20.467,30.498,11.551,4.965
563,3.344,11.855,4.357,8.916,23.507,23.912,16.819,11.247,30.092,31.207
564,21.075,11.247,29.079,20.163,21.683,28.877,20.568,8.511,9.423,29.788
565,32.423,6.586,23.304,3.242,12.564,33.537,30.599,33.233,11.145,1.115
566,1.621,4.965,10.031,25.837,26.242,1.216,0.811,17.731,4.559,23.608
567,24.824,13.982,25.026,9.626,17.326,30.903,16.819,8.511,3.952,7.498
568,29.991,34.044,13.577,18.542,23.507,35.766,12.564,11.855,32.727,15.603
569,10.233,12.564,28.674,18.542,24.824,3.344,24.216,16.617,8.916,11.652
570,18.339,11.145,34.449,19.352,2.229,4.762,0.709,34.956,20.366,32.929
571,27.863,3.141,21.379,16.515,31.714,9.727,12.868,10.639,4.357,9.22
572,0.101,23.304,16.11,24.52,4.357,26.951,29.687,36.273,32.524,7.092
573,3.04,16.313,31.106,29.89,13.476,17.427,11.247,0.405,36.07,1.216
574,22.392,22.392,34.956,2.229,12.868,1.52,3.952,7.498,28.269,13.982
575,18.846,8.106,26.242,6.383,19.96,7.092,14.59,11.652,6.586,14.996
576,7.194,13.374,4.255,14.185,21.176,16.617,29.991,21.277,4.762,26.749
577,10.132,35.361,14.489,27.762,5.674,7.802,22.696,12.057,3.749,33.132
578,18.035,8.207,15.806,32.22,20.264,16.515,15.299,28.877,34.854,1.115
579,10.132,14.59,24.824,28.978,10.943,4.762,19.251,4.357,16.718,13.881
580,8.511,20.771,3.648,22.493,20.67,36.172,22.392,35.361,21.683,30.498
581,20.467,10.031,33.436,27.357,1.824,3.648,31.612,30.295,28.674,33.335
582,0.507,14.185,20.163,0.101,14.894,12.868,13.881,15.603,31.714,23.608
583,34.449,3.242,2.128,21.683,2.736,7.092,20.062,31.612,7.396,18.947
584,31.004,9.119,35.361,7.599,12.868,11.449,10.132,11.551,4.661,11.348
585,0.811,27.965,35.564,0.203,1.824,27.255,1.418,21.987,2.33,8.916
586,16.414,11.449,34.247,21.784,3.141,28.978,28.37,32.017,17.326,10.537
587,34.449,7.599,5.978,2.432,21.379,22.088,17.934,13.273,18.643,21.379
588,22.291,6.383,5.978,11.652,14.692,18.035,18.947,0.203,1.216,11.956
589,14.489,31.106,7.903,13.577,3.04,32.423,7.599,3.952,18.744,22.696
590,11.753,34.854,35.766,30.599,5.775,35.665,17.022,12.361,7.903,4.661
591,12.868,24.418,7.498,33.335,27.559,33.335,5.877,27.154,32.321,9.727
592,12.057,1.925,11.044,10.74,33.132,35.665,11.044,18.846,7.903,5.066
593,0.608,29.788,27.965,8.511,14.996,30.498,17.427,12.868,33.233,12.26
594,19.555,20.771,4.053,27.357,34.145,10.132,16.921,34.247,7.802,13.982
595,0.811,34.854,16.211,19.555,18.643,17.427,8.511,33.537,8.106,2.432
596,9.828,35.969,3.242,2.634,15.097,1.722,33.436,16.921,14.185,19.555
597,1.52,26.04,26.951,14.185,6.485,13.172,0.304,12.564,1.621,17.63
598,34.247,2.533,2.229,10.537,33.031,22.291,17.123,1.216,27.863,22.899
599,4.053,24.114,18.136,16.414,25.634,1.722,13.374,19.454,2.33,5.269
600,1.317,23.709,6.079,29.484,36.273,31.815,10.841,14.692,6.485,27.661
601,19.758,34.247,14.59,4.458,27.863,13.273,14.489,10.335,35.26,36.07
602,20.568,27.762,16.211,28.37,2.33,20.264,34.449,7.498,1.722,1.722
603,3.445,25.533,27.762,19.048,23.507,5.167,32.929,2.533,1.824,19.555
604,23.608,16.819,8.004,35.868,28.573,8.815,30.599,12.361,4.053,13.577
605,26.546,9.018,7.903,32.929,13.982,5.37,12.159,20.366,23.608,14.286
606,2.026,9.423,14.692,30.7,27.357,5.167,19.656,30.903,23.101,20.872
607,23.81,29.383,11.449,26.344,5.471,5.573,24.418,24.216,2.533,1.925
608,9.524,32.423,24.925,12.463,18.846,2.533,13.78,17.225,22.493,5.877
609,26.647,11.956,30.092,14.489,18.744,10.031,26.141,19.656,33.841,15.299
610,20.771,20.366,26.749,33.639,23.81,2.026,33.537,27.559,13.172,13.577
611,3.242,35.868,34.044,29.991,12.564,35.868,14.388,3.546,13.273,3.445
612,25.533,10.841,13.881,11.753,14.793,17.225,1.317,15.705,23.507,23.507
613,15.806,20.366,11.449,23.709,13.982,7.396,33.031,3.242,25.229,23.304
614,18.643,20.67,4.053,6.383,31.308,6.991,9.828,21.075,14.59,23.101
615,9.423,12.159,6.687,32.321,12.26,16.617,6.789,8.511,16.211,29.181
616,21.379,22.797,4.965,9.524,3.141,14.59,5.269,10.841,35.766,18.846
617,28.066,8.004,5.877,4.661,35.057,4.661,1.722,2.938,20.467,4.965
618,6.485,27.053,21.075,31.207,1.013,19.352,18.542,3.344,34.652,16.211
619,26.445,21.885,26.344,28.877,29.484,32.22,17.63,4.255,0.507,35.158
620,9.828,29.282,0.203,33.031,32.423,9.524,2.736,22.493,20.872,21.075
621,6.687,12.26,35.665,16.515,26.546,34.551,0.912,32.423,4.762,3.242
622,34.854,9.22,26.141,30.498,35.361,13.07,9.626,10.537,8.004,18.542
623,0.304,7.396,27.154,11.449,11.145,10.537,17.934,12.159,4.661,14.388
624,25.634,26.445,23.304,13.78,17.529,3.749,14.286,34.348,36.273,13.78
625,23.912,12.463,26.344,36.07,7.599,3.242,21.075,17.225,11.449,6.687
626,0.608,32.22,7.599,12.463,33.436,23.81,34.247,21.784,12.969,21.987
627,35.969,25.229,18.744,3.85,3.952,26.85,5.167,17.934,7.194,28.573
628,7.599,9.626,1.115,7.599,9.22,29.079,33.132,21.379,16.11,7.7
629,5.471,6.485,19.048,28.471,32.524,18.238,20.872,30.498,11.551,6.991
630,2.432,10.335,18.136,33.74,24.013,13.881,26.141,10.233,17.63,10.233
631,33.233,3.445,3.141,23.608,10.436,27.255,5.877,17.934,29.383,21.987
632,2.229,9.119,0.405,18.136,10.537,3.749,24.216,20.568,35.665,23.304
633,33.639,9.929,17.731,2.229,9.727,23.608,16.617,23.304,5.674,9.828
634,36.374,26.445,29.383,21.176,21.277,16.11,11.348,18.339,29.181,15.603
635,34.044,6.079,16.313,31.308,18.136,18.542,31.511,6.789,26.647,21.277
636,2.533,6.789,12.564,5.573,29.484,14.388,17.833,26.445,7.194,23.507
637,19.859,0.203,5.269,8.207,27.661,25.432,35.057,10.841,28.269,28.37
638,2.533,20.872,29.484,7.498,15.705,10.436,16.414,12.766,7.498,15.705
639,7.903,4.357,22.797,0.912,30.802,2.229,5.674,20.366,7.599,25.938
640,18.44,26.344,6.282,22.696,13.982,5.877,9.929,31.916,16.414,7.7
641,3.749,4.154,4.965,0.101,30.903,25.634,26.85,1.317,28.775,17.833
642,12.766,26.344,2.432,29.687,2.634,35.766,14.388,13.07,11.449,0.608
643,5.066,24.824,0.405,11.652,16.009,8.308,11.652,30.194,14.793,5.573
644,4.965,31.511,13.78,30.396,34.956,0.811,26.647,28.775,30.194,21.885
645,29.586,19.15,32.423,24.621,22.899,14.894,36.172,9.524,9.828,14.489
646,31.511,11.247,34.247,21.379,25.128,14.185,8.004,18.238,16.211,27.053
647,12.766,4.559,0.912,13.374,5.775,5.573,3.445,24.418,12.057,35.26
648,36.172,13.982,13.678,19.758,6.485,19.555,28.066,18.44,14.793,11.145
649,27.559,28.573,35.361,3.344,15.502,21.987,27.053,30.903,23.101,5.066
650,28.573,31.916,4.255,13.07,2.938,32.524,8.511,4.863,36.273,11.551
651,19.251,34.551,11.247,34.956,18.947,36.172,5.471,9.018,12.361,5.573
652,22.392,34.145,21.683,29.383,25.33,6.079,3.952,30.498,4.357,8.815
653,20.872,35.766,32.017,0.405,34.348,18.542,10.639,18.035,14.996,18.744
654,4.458,36.374,5.37,18.643,10.031,6.485,18.846,3.749,9.119,6.687
655,35.868,26.85,0.405,22.696,5.674,23.608,34.551,7.7,8.207,33.233
656,32.423,23.709,1.52,17.731,31.41,1.013,11.551,20.67,14.692,26.647
657,26.647,4.357,4.154,8.004,6.586,9.22,13.881,29.586,1.824,35.665
658,11.145,34.348,1.216,19.555,21.075,22.392,28.37,20.366,5.978,1.925
659,5.877,27.559,22.696,34.753,25.938,27.863,6.181,14.489,13.374,21.075
660,21.683,22.493,25.026,19.454,1.115,19.352,24.722,28.978,34.348,17.934
661,8.714,21.379,0.507,21.075,9.22,34.145,6.181,3.344,7.7,4.762
662,17.731,12.766,14.084,18.643,10.436,22.899,34.449,13.577,34.449,28.674
663,7.599,16.11,28.066,14.996,27.762,8.815,26.445,17.225,20.163,14.894
664,5.269,8.004,24.722,6.789,12.057,24.621,15.097,2.938,8.004,24.722
665,17.225,5.674,34.753,18.947,19.758,6.282,25.533,21.277,13.678,34.449
666,26.647,33.943,26.749,30.903,14.59,0.304,28.269,34.044,8.207,16.11
667,34.551,30.903,30.7,27.053,31.916,10.436,25.938,23.608,24.621,18.744
668,5.269,23.405,8.308,28.573,32.828,18.947,20.771,2.634,12.159,34.551
669,14.185,11.551,9.626,25.533,1.621,27.661,1.722,9.322,22.493,20.163
670,2.128,7.498,33.74,26.141,14.996,14.793,27.863,34.348,18.744,13.273
671,14.388,23.203,24.114,2.026,34.652,10.537,10.233,18.643,0.507,16.009
672,31.916,16.313,24.52,28.775,19.758,26.647,16.819,13.678,12.868,27.863
673,6.687,24.114,5.978,14.286,17.833,20.67,22.899,18.035,35.665,30.396
674,14.59,24.317,22.493,20.872,19.555,6.282,24.216,21.379,33.943,26.951
675,17.731,26.04,4.255,25.736,10.132,9.322,0.405,12.969,22.899,19.15
676,12.564,24.418,19.15,22.291,2.736,5.775,30.802,33.132,32.625,13.172
677,14.388,27.863,34.145,14.489,17.022,0.608,31.106,26.546,26.749,12.361
678,12.564,26.546,1.317,24.824,17.326,33.335,31.612,23.203,30.599,9.727
679,14.084,7.802,32.119,13.476,4.965,20.67,23.203,27.053,14.692,17.225
680,34.652,31.714,26.445,19.454,25.432,10.841,21.176,33.943,15.299,6.991
681,22.493,15.806,12.868,8.612,35.158,24.824,21.48,7.295,33.537,14.388
682,6.383,28.573,3.242,4.863,6.485,13.577,28.37,29.991,15.299,4.762
683,7.295,32.929,28.978,31.916,22.595,1.013,14.286,8.41,35.26,4.255
684,0.811,30.599,8.207,32.017,20.67,12.868,21.379,1.418,24.216,15.603
685,12.057,8.004,10.841,12.159,10.335,30.092,9.828,0.304,20.467,14.388
686,21.48,29.687,20.366,34.753,18.339,13.577,18.542,17.326,30.295,35.665
687,33.943,31.815,18.339,35.057,26.04,34.551,36.273,18.643,33.031,10.537
688,18.744,0.811,20.062,12.361,9.018,29.079,30.295,26.647,25.33,14.793
689,16.414,36.07,19.251,6.485,14.692,33.436,1.824,23.101,2.533,29.484
690,12.969,20.67,17.833,18.744,9.018,15.401,6.89,30.802,26.242,16.617
691,17.731,6.282,27.661,7.802,6.991,34.145,34.348,32.828,29.991,6.181
692,29.89,9.322,36.07,15.806,24.621,31.106,35.564,8.41,25.938,35.057
693,17.63,23,29.788,31.004,19.859,18.846,27.154,35.26,1.013,35.868
694,29.079,12.159,18.542,10.233,25.229,34.348,12.361,26.141,22.797,3.344
695,12.766,1.621,22.088,32.828,1.52,6.282,12.564,19.555,2.33,31.815
696,29.687,33.132,5.674,14.59,33.233,1.317,21.581,0.507,11.652,2.634
697,2.128,8.308,18.542,24.317,11.551,1.317,23.304,26.546,27.255,0.811
698,10.943,10.639,7.498,31.511,14.185,28.471,19.96,12.361,32.828,22.392
699,21.987,29.991,24.317,29.181,29.181,12.057,31.612,17.427,1.115,17.022
700,5.775,5.978,5.775,30.092,15.705,6.282,8.612,7.7,19.251,17.326
701,27.559,12.159,18.339,20.67,7.498,9.828,13.172,23.709,34.753,35.462
702,31.106,19.048,22.899,21.885,22.392,18.339,33.132,4.762,2.026,34.145
703,22.797,5.37,31.714,30.903,15.502,6.687,9.119,2.736,9.524,19.048
704,27.458,24.013,20.568,35.564,10.031,34.753,18.238,10.233,32.119,5.37
705,9.524,23.304,20.467,28.978,14.489,8.41,20.163,4.965,25.026,26.85
706,10.436,14.996,10.335,17.63,18.035,8.106,35.462,10.537,2.533,17.123
707,7.903,22.899,32.321,3.445,10.74,10.436,17.529,21.784,5.37,23.507
708,26.141,8.511,10.436,36.374,27.053,17.529,28.877,19.352,12.26,33.943
709,4.661,0.608,36.07,6.586,15.603,14.894,31.612,8.714,17.731,33.639
710,30.802,1.013,29.079,14.793,26.141,20.67,17.731,12.665,35.969,9.22
711,34.551,0.101,14.996,20.973,23.608,32.22,13.476,6.282,19.859,10.943
712,3.546,19.758,14.793,5.978,15.806,25.229,5.877,28.066,23.81,13.476
713,29.586,12.057,10.335,27.661,16.211,2.938,24.216,30.903,3.141,13.881
714,31.41,24.52,18.947,23.709,9.929,3.04,33.74,1.317,15.097,5.674
715,6.687,31.106,6.181,20.973,12.564,10.639,8.41,32.017,5.978,25.128
716,33.943,10.74,7.599,32.119,20.973,14.793,18.846,17.123,20.264,28.775
717,12.26,13.982,16.009,35.766,15.401,12.463,30.396,30.092,0.507,20.062
718,25.634,31.41,32.929,27.661,4.053,25.33,8.004,28.471,25.533,29.181
719,29.991,12.564,3.04,14.388,26.445,19.454,28.978,4.357,20.67,24.621
720,0.811,14.489,2.026,1.216,2.837,34.044,1.216,24.925,11.551,22.291
721,18.542,5.573,18.643,36.07,21.379,30.7,20.062,21.784,7.802,1.722
722,14.185,34.854,4.053,7.7,24.013,3.648,1.317,35.766,22.899,20.467
723,29.586,11.449,13.07,13.374,20.366,17.934,0.203,14.692,31.41,14.489
724,30.599,29.079,11.855,11.449,13.476,18.643,7.7,7.295,25.938,23.81
725,31.511,9.727,33.335,16.617,8.207,9.423,22.088,6.789,19.96,15.401
726,16.009,12.26,8.308,24.216,21.277,9.929,6.181,22.392,2.128,17.427
727,19.555,5.573,33.132,22.899,23.203,18.846,30.092,30.092,28.573,3.952
728,24.621,12.361,27.053,10.233,2.432,17.934,30.903,11.652,30.498,8.207
729,28.775,32.423,7.802,26.04,26.04,30.396,27.053,5.674,32.22,1.115
730,1.216,7.7,6.89,7.903,12.26,7.903,31.612,23.101,13.172,19.656
731,28.877,13.577,36.273,13.07,0.203,33.74,14.59,17.529,15.502,3.344
732,26.04,3.344,18.238,29.586,35.158,8.815,16.921,11.449,13.577,34.145
733,33.335,24.722,13.982,34.854,25.736,9.929,23.405,31.41,35.26,27.863
734,11.044,2.533,29.687,10.537,29.484,6.687,7.194,33.943,4.357,6.991
735,33.132,9.018,16.515,13.476,27.458,31.207,26.141,27.863,0.811,21.683
736,20.872,8.612,27.863,31.106,5.471,13.172,22.392,5.674,24.925,27.559
737,25.837,1.52,11.652,20.771,10.132,30.498,20.771,15.097,20.163,26.647
738,28.877,26.85,10.943,26.546,1.418,30.396,20.872,13.07,2.229,1.317
739,26.242,29.89,31.815,9.828,13.678,11.551,18.238,14.084,22.899,17.225
740,8.916,14.59,14.286,33.132,30.599,24.418,10.943,34.956,22.291,5.775
741,22.291,27.458,3.141,11.551,30.295,3.546,17.529,11.855,31.004,6.282
742,16.009,24.722,32.423,25.026,21.581,12.26,22.493,35.564,32.423,20.771
743,2.128,34.449,24.52,19.656,35.361,30.903,17.731,18.238,23.405,9.929
744,19.656,31.004,10.841,23.81,1.52,30.498,19.048,0.811,13.273,12.564
745,24.621,27.458,19.048,29.687,13.172,30.7,5.877,17.427,31.308,6.181
746,16.617,12.159,3.85,8.815,27.559,10.639,25.634,9.929,34.145,17.123
747,10.436,30.903,10.335,10.639,28.775,3.749,11.956,35.564,14.692,12.766
748,10.436,20.67,13.982,12.463,27.863,29.89,24.52,33.943,22.189,32.119
749,17.529,7.498,33.031,1.722,18.846,2.128,3.85,26.85,35.26,20.163
750,14.59,23.912,20.568,20.67,26.445,5.066,0.405,6.687,14.793,24.621
751,29.788,32.017,6.079,27.255,8.207,6.282,14.286,8.714,25.736,9.626
752,14.489,24.722,15.401,0.608,6.079,4.255,27.458,32.119,14.084,14.996
753,13.476,4.255,6.789,26.344,10.537,21.683,22.595,3.445,10.74,34.145
754,31.106,16.414,8.511,9.727,29.282,2.736,31.815,28.775,1.621,11.449
755,27.965,28.573,13.678,34.551,10.436,20.062,7.7,26.04,35.057,23.912
756,9.929,24.824,3.141,27.863,16.921,4.053,35.969,8.714,8.815,13.678
757,24.925,0.709,27.863,31.612,6.181,16.819,16.313,33.132,13.374,23.101
758,23.709,10.639,31.815,27.559,5.37,18.947,9.119,9.22,10.031,35.969
759,5.674,6.687,4.559,5.877,7.903,33.233,12.665,2.634,18.238,6.789
760,34.956,35.158,13.374,23.912,5.37,5.877,24.216,12.969,24.722,13.678
761,6.383,27.559,11.855,6.586,16.617,22.088,32.828,24.317,32.524,20.366
762,9.727,32.929,4.053,6.89,6.89,3.648,23.304,11.044,29.079,13.678
763,17.427,28.066,25.229,29.89,7.295,19.96,23.709,31.815,5.573,6.282
764,12.564,13.577,34.449,25.432,1.013,6.485,27.863,14.894,17.934,17.123
765,19.15,28.269,12.463,4.357,21.581,28.269,23.912,28.167,9.119,33.335
766,3.04,11.753,22.595,28.775,8.207,10.031,27.762,26.546,26.85,32.22
767,21.581,27.661,19.656,9.524,6.789,19.352,21.176,1.621,26.749,1.013
768,0.709,17.731,29.586,29.181,5.471,9.626,2.432,13.678,10.943,30.599
769,34.753,34.753,8.916,2.938,33.639,24.216,19.859,35.868,8.815,23.608
770,1.013,36.374,1.925,18.44,32.524,8.511,18.643,18.846,30.7,2.33
771,28.978,18.035,12.26,22.797,30.802,17.833,34.854,22.899,36.172,14.084
772,31.815,6.282,15.198,3.546,24.114,31.916,0.709,18.846,29.484,8.106
773,26.951,3.648,31.511,10.841,33.639,13.476,31.41,36.172,20.67,32.625
774,28.066,21.48,16.718,8.916,2.128,18.744,25.736,11.855,30.599,15.401
775,28.877,15.401,9.22,10.639,15.299,23.81,19.555,16.414,3.242,20.771
776,13.881,20.973,13.678,21.48,8.511,2.533,1.824,21.48,6.789,0.507
777,27.154,19.859,14.996,33.233,1.52,16.313,19.352,35.26,17.934,9.626
778,22.899,25.128,21.277,22.899,31.308,16.313,23.405,14.185,21.581,21.683
779,26.546,2.634,0.405,28.674,5.37,5.877,19.859,21.784,12.665,2.026
780,8.815,24.722,2.026,2.128,5.269,23.203,11.551,33.233,0.811,2.634
781,30.802,10.436,12.665,21.987,8.308,36.07,13.07,30.498,19.555,11.348
782,17.529,14.894,21.48,24.722,5.167,14.996,32.017,11.247,34.449,28.775
783,11.044,34.956,10.639,15.502,16.211,22.595,16.921,20.973,14.996,34.044
784,6.485,22.493,28.471,29.484,31.207,25.736,32.727,15.097,17.731,29.484
785,13.476,18.542,31.41,19.251,8.916,28.573,4.762,16.617,2.736,4.357
786,24.925,28.978,24.317,9.22,2.533,3.648,8.511,7.7,27.053,33.132
787,29.282,34.551,30.295,26.546,33.436,19.251,3.648,11.145,26.141,22.696
788,13.273,11.956,3.952,9.119,27.965,14.894,23.709,13.577,32.929,33.943
789,29.079,24.418,27.965,30.903,34.145,30.7,27.965,3.85,1.52,32.119
790,9.119,5.066,35.766,2.634,3.344,13.577,22.392,17.022,16.211,3.749
791,33.943,21.379,25.432,20.67,11.044,27.255,20.973,12.361,17.225,26.85
792,0.304,2.33,1.722,16.819,4.053,0.405,32.727,14.996,23.507,15.806
793,20.872,15.198,5.674,12.361,7.092,30.396,18.846,14.388,22.088,1.216
794,34.854,31.207,13.07,34.854,5.674,0.304,35.057,25.634,35.158,19.555
795,34.854,6.586,3.952,12.26,24.722,2.229,1.52,0.507,27.154,4.458
796,17.225,33.031,29.484,18.542,12.969,31.308,12.969,34.044,1.013,14.084
797,9.929,30.396,29.991,36.374,26.951,16.11,14.286,7.092,5.37,22.797
798,17.529,12.159,14.185,8.207,8.815,4.965,6.89,30.498,27.863,16.718
799,18.846,17.529,22.392,31.511,35.969,21.683,30.194,4.559,9.929,8.207
800,17.934,3.141,23.203,23.709,8.714,10.841,10.841,19.454,14.084,23.912
801,2.634,28.066,12.463,31.308,0.811,33.436,24.013,35.361,17.225,26.749
802,24.52,4.154,20.67,9.423,14.692,12.463,35.361,21.581,35.868,21.48
803,19.15,2.229,34.145,16.313,6.079,16.313,26.141,34.551,9.22,26.242
804,20.264,21.176,33.335,17.427,11.551,0.507,21.581,31.207,22.899,1.52
805,20.366,7.498,4.965,12.361,23.709,33.335,32.524,10.436,16.617,24.925
806,3.648,15.907,26.85,14.996,9.322,14.59,5.674,31.41,7.599,31.815
807,33.436,34.145,22.595,36.273,32.625,34.854,26.85,28.674,29.079,23.912
808,4.863,1.621,34.247,31.916,18.136,23.912,3.141,17.934,21.277,29.282
809,6.687,3.85,33.436,26.951,19.454,1.013,22.189,5.573,12.969,5.674
810,22.595,13.78,17.934,16.414,35.158,1.418,23.101,28.978,10.943,4.863
811,8.916,22.899,0.405,22.493,11.145,7.599,4.255,32.017,0.811,32.119
812,0.912,29.687,4.458,1.317,17.833,7.599,23.203,12.766,23.304,29.586
813,27.255,26.344,12.26,32.524,24.418,5.674,15.705,3.445,28.978,5.066
814,25.634,7.802,25.634,24.418,0.405,18.846,18.136,30.802,22.291,36.172
815,11.855,33.335,2.533,27.357,13.476,24.216,32.423,15.603,36.374,27.053
816,5.573,18.44,33.639,18.643,30.092,32.828,15.907,19.048,17.225,7.599
817,32.828,26.951,26.85,18.44,23.405,16.211,22.696,16.819,8.612,21.075
818,10.537,28.269,18.339,35.665,14.59,24.114,7.802,17.529,3.04,15.907
819,2.026,33.436,18.136,32.625,32.22,34.854,2.837,16.515,7.802,34.348
820,7.498,18.643,11.348,12.665,27.863,30.7,29.181,20.771,23.912,7.498
821,4.559,13.982,32.625,33.233,22.291,18.744,20.264,28.674,31.916,1.722
822,1.317,20.771,1.621,34.044,35.158,18.136,23.405,22.392,23.101,28.674
823,14.084,0.912,35.26,4.458,8.916,10.943,22.696,24.418,7.194,27.053
824,7.903,16.313,35.969,1.824,8.511,27.559,32.423,4.458,18.44,17.529
825,15.705,24.418,21.581,36.273,25.128,35.462,2.634,8.41,9.22,8.815
826,1.52,5.066,2.026,33.841,16.11,34.044,8.106,36.172,0.709,24.013
827,3.952,20.163,33.74,33.031,19.15,35.057,10.132,28.37,10.233,3.445
828,24.925,6.079,35.969,10.436,26.749,5.978,23.507,22.493,8.916,21.885
829,0.608,34.145,22.696,3.749,9.018,8.815,29.079,34.247,10.74,8.106
830,3.445,30.599,23.507,5.066,34.247,27.863,9.727,19.758,32.017,27.255
831,11.753,3.242,29.484,6.789,26.242,35.969,3.344,13.172,13.172,25.533
832,11.956,8.207,28.674,16.009,10.943,30.599,12.969,28.775,9.018,34.145
833,11.145,33.537,33.436,9.018,31.714,10.943,8.004,4.154,5.978,31.815
834,3.546,28.978,12.057,21.581,21.683,20.264,18.846,17.022,32.625,32.22
835,32.524,5.674,7.599,19.555,20.568,33.335,29.383,34.753,26.242,11.044
836,10.335,18.643,25.938,24.925,20.973,33.436,4.661,31.41,12.463,18.238
837,1.418,33.132,26.344,35.969,26.951,23.101,30.599,1.216,6.89,9.828
838,6.991,5.167,33.639,1.216,2.736,9.018,8.308,5.269,32.423,11.956
839,4.458,7.194,21.075,11.551,33.74,28.573,5.978,17.225,16.313,5.37
840,35.868,12.361,32.22,19.758,30.194,33.74,4.458,23.912,17.326,2.736
841,15.603,31.612,22.797,8.511,23.203,34.449,25.026,7.599,28.674,28.674
842,12.159,25.026,12.969,17.326,16.414,14.692,29.079,28.978,16.718,29.282
843,33.841,34.348,29.586,34.652,18.238,8.916,26.546,24.317,8.106,7.194
844,3.85,32.22,3.546,35.766,1.722,9.423,20.467,17.123,5.775,0.709
845,6.89,12.564,32.119,28.775,31.714,29.484,19.15,20.163,13.374,25.634
846,4.559,35.564,17.123,23.608,13.07,5.978,8.714,19.352,27.053,9.524
847,31.004,22.392,12.564,32.119,6.586,19.048,16.414,6.687,4.661,24.52
848,7.194,27.357,3.648,5.269,21.987,6.991,26.647,28.167,31.612,6.079
849,4.863,20.973,24.52,3.648,20.568,23.405,25.128,27.053,15.299,34.753
850,18.744,24.418,5.37,30.295,20.771,20.67,22.088,2.128,34.551,30.7
851,31.106,0.608,22.595,34.652,29.89,23.101,8.207,25.533,14.489,11.247
852,19.555,17.833,28.573,20.568,18.44,15.907,35.26,19.352,16.921,21.885
853,21.075,25.736,16.617,12.26,25.432,13.374,5.37,24.824,29.484,1.722
854,3.242,27.357,20.771,20.872,31.106,0.101,20.163,8.714,20.062,26.546
855,23.405,0.912,26.749,25.938,18.744,3.749,19.555,35.868,3.445,30.903
856,35.361,34.449,11.551,31.004,30.396,10.132,10.031,28.167,11.044,0.811
857,13.172,7.903,3.648,4.661,26.141,19.15,25.33,12.057,26.344,13.273
858,25.634,2.128,7.7,16.921,5.978,8.308,7.802,34.247,28.471,10.74
859,29.079,6.079,26.445,2.33,0.608,8.207,35.564,5.877,5.471,5.471
860,31.106,14.894,1.52,35.361,35.26,5.978,27.762,31.106,19.048,31.207
861,0.304,24.013,31.106,35.969,25.026,7.396,26.647,15.401,11.247,4.559
862,11.247,29.383,2.229,9.119,20.467,26.242,30.7,33.233,31.511,25.837
863,2.634,32.524,34.044,5.877,21.885,17.833,35.361,1.925,28.775,13.374
864,9.727,9.929,18.238,28.877,7.194,21.075,19.758,33.943,32.929,29.89
865,27.863,5.066,18.238,27.053,35.564,32.727,11.551,23.405,15.198,9.828
866,22.797,4.357,35.057,31.004,16.414,36.172,13.374,25.938,30.194,34.348
867,4.559,32.828,19.15,32.22,27.965,25.33,34.753,28.471,35.057,28.269
868,11.348,1.621,13.476,9.524,20.568,17.731,20.67,4.357,16.921,14.692
869,18.744,14.286,19.859,5.471,2.128,26.344,2.026,13.78,3.04,35.766
870,7.903,4.661,0.709,5.775,8.916,11.044,1.722,17.022,26.951,34.753
871,17.225,0.709,27.965,30.396,22.088,23.912,0.405,19.859,9.322,34.956
872,32.727,1.115,10.841,5.167,24.52,3.952,15.502,23.203,12.665,17.326
873,32.22,6.687,9.423,4.255,30.599,13.577,13.476,1.925,34.753,11.956
874,19.555,32.727,22.493,12.766,5.877,30.498,15.603,35.665,22.696,22.392
875,2.938,30.092,20.568,27.053,2.837,34.044,30.092,16.515,33.031,15.299
876,24.925,23.507,30.599,0.101,20.568,24.52,17.326,23.709,16.515,32.727
877,25.533,16.617,27.458,15.603,14.185,10.537,6.586,15.603,7.599,26.141
878,14.692,23.81,2.229,22.291,18.44,7.396,29.484,11.753,15.705,5.37
879,27.559,14.084,31.106,34.652,1.925,21.683,33.841,27.255,6.181,29.181
880,30.498,16.921,5.674,10.335,13.982,20.67,1.418,5.775,26.344,12.766
881,23.709,1.722,3.648,30.092,9.828,33.841,8.004,30.903,16.617,12.564
882,15.806,5.167,8.106,35.868,11.551,31.41,19.251,12.057,16.414,17.123
883,30.599,27.863,25.128,10.537,28.269,11.956,13.172,5.471,23.304,12.361
884,2.128,11.855,15.097,14.894,2.837,14.793,20.062,14.692,9.018,9.828
885,1.418,18.643,3.546,33.031,16.009,25.837,15.705,30.599,28.877,18.238
886,33.335,26.647,10.233,31.308,14.894,11.753,33.335,27.559,34.145,35.462
887,18.744,33.335,11.956,16.515,28.471,34.854,29.383,15.299,19.15,30.7
888,16.819,0.507,19.454,21.075,34.956,29.484,34.956,35.766,3.445,25.533
889,3.141,33.132,4.661,27.053,16.819,12.969,30.802,27.154,8.815,21.885
890,22.797,26.344,27.559,7.599,26.951,30.802,21.379,28.877,14.59,5.877
891,26.951,10.031,9.524,17.731,29.181,1.722,32.524,2.229,18.339,34.854
892,28.269,6.383,7.194,15.806,15.806,8.714,17.63,11.652,26.04,3.344
893,4.762,23.912,35.766,31.308,27.965,25.634,18.846,34.956,8.815,31.308
894,36.172,29.89,28.37,29.586,27.357,9.626,7.802,24.621,0.811,11.956
895,5.37,15.097,17.934,11.855,2.837,19.251,21.176,5.471,12.766,10.031
896,20.264,25.533,0.912,27.458,9.727,19.758,5.269,34.652,9.727,32.929
897,13.881,32.321,16.414,12.463,10.943,23,31.106,23.81,19.656,23.608
898,11.247,35.057,19.15,33.233,23.405,10.74,15.401,20.366,22.696,16.819
899,13.678,12.564,27.255,11.652,4.762,21.277,18.744,21.48,20.872,27.053
900,19.96,16.009,6.991,2.736,16.11,24.418,14.185,13.07,14.084,1.52
901,15.198,22.696,19.859,28.471,33.74,5.167,34.652,0.811,33.335,26.344
902,2.736,29.788,34.652,17.225,10.74,30.599,19.758,24.621,7.295,9.423
903,18.744,21.581,28.37,23.912,16.414,0.608,22.189,13.78,27.458,9.626
904,18.643,23.304,33.233,10.943,33.031,8.714,16.414,34.854,17.934,28.269
905,6.181,23.203,19.859,0.203,9.119,21.683,34.854,16.515,2.33,21.379
906,32.625,34.348,15.907,4.154,19.859,33.639,35.361,29.89,32.828,21.885
907,22.493,7.7,6.079,2.736,20.062,18.339,2.33,26.749,1.824,29.484
908,34.551,22.797,22.493,10.943,23.405,6.079,15.907,18.947,34.449,10.335
909,14.185,34.145,34.854,28.471,15.603,33.841,27.255,24.52,12.969,31.815
910,24.013,16.009,33.639,34.854,20.366,31.308,17.833,2.533,25.938,30.903
911,31.511,4.559,13.374,24.925,2.634,25.432,11.247,13.374,1.722,11.449
912,26.04,10.233,29.282,18.846,13.172,19.048,30.396,13.982,34.145,12.057
913,5.269,17.63,24.418,16.211,17.123,0.101,22.595,30.194,10.74,24.824
914,30.396,10.031,3.952,24.418,6.586,19.96,13.172,4.863,31.004,16.313
915,36.172,16.617,8.41,19.656,36.273,3.445,27.458,12.969,6.789,8.308
916,18.136,17.731,1.621,30.194,12.159,33.436,16.009,11.652,24.013,7.092
917,34.956,13.678,12.766,28.167,2.736,33.233,34.247,33.031,0.101,22.696
918,0.608,29.282,30.295,4.762,35.868,19.656,1.317,4.661,36.172,25.837
919,8.511,33.132,28.978,4.559,0.304,27.863,23.304,3.952,32.929,30.092
920,18.846,16.921,13.07,8.916,16.819,16.921,9.322,21.48,14.489,32.929
921,18.846,2.432,18.44,1.925,9.524,5.066,15.806,3.344,19.96,35.26
922,35.158,7.092,34.449,8.612,36.273,23.709,26.141,27.965,4.255,5.674
923,22.899,15.603,19.859,2.229,31.41,3.648,35.057,8.916,3.344,9.423
924,1.317,19.251,20.872,14.286,26.141,14.388,4.053,19.251,25.33,1.925
925,16.11,16.414,4.154,24.52,34.145,8.815,35.969,5.269,17.123,31.612
926,17.022,31.815,11.753,11.956,19.352,3.952,35.057,22.493,31.612,4.863
927,10.841,16.718,26.445,26.951,30.802,11.247,21.48,26.749,19.454,24.824
928,10.74,30.295,14.996,23.709,3.344,6.789,8.106,34.145,11.247,35.462
929,5.37,9.22,26.749,34.044,33.537,11.753,13.374,10.436,36.374,25.634
930,34.652,2.229,32.524,10.841,5.775,10.537,6.789,18.238,30.194,9.929
931,19.048,1.925,24.722,15.299,5.167,29.484,15.198,32.119,7.498,1.418
932,16.211,9.018,18.947,3.04,27.154,25.837,17.934,16.11,10.132,32.727
933,29.586,13.678,26.445,12.564,35.361,30.295,26.647,29.89,17.63,6.991
934,18.136,1.925,35.868,7.903,34.247,29.89,3.445,25.128,3.04,16.718
935,29.991,15.198,0.405,16.921,3.445,7.396,25.533,12.159,23.405,27.863
936,35.665,33.233,33.436,36.374,21.885,4.357,29.991,13.577,22.797,4.053
937,26.85,11.449,32.828,30.7,8.612,17.934,34.348,29.788,5.674,16.414
938,17.022,3.141,24.216,29.383,17.731,15.401,9.524,26.242,12.26,21.075
939,7.194,12.665,9.423,13.476,29.586,32.625,14.793,11.247,17.123,20.973
940,31.612,15.603,14.286,34.753,12.969,9.423,28.471,31.714,7.396,27.053
941,2.229,15.299,34.854,33.335,6.586,16.819,7.092,20.67,30.802,14.59
942,10.233,18.035,4.357,8.714,15.502,26.242,36.374,3.648,33.74,2.432
943,0.811,23.709,11.652,20.163,15.299,21.277,10.233,3.85,8.815,10.943
944,28.37,12.564,14.894,17.427,22.696,3.952,24.925,31.916,6.687,11.652
945,1.418,20.264,22.797,31.916,7.295,34.449,18.035,1.013,15.502,23.507
946,0.608,22.595,19.352,5.167,18.136,3.445,28.775,33.943,19.454,22.595
947,22.899,3.344,21.885,4.762,34.854,15.806,14.996,18.846,6.282,22.797
948,28.674,19.251,9.119,15.907,19.352,28.775,35.868,4.154,1.418,4.661
949,31.612,13.172,9.119,9.626,23.608,27.458,29.282,7.295,35.665,11.145
950,22.595,3.141,26.647,29.687,24.418,21.176,0.507,35.564,5.269,23
951,11.449,29.788,34.753,8.308,23.709,2.026,13.374,27.357,19.251,15.198
952,18.947,4.863,19.555,24.925,18.846,21.277,23.81,17.225,17.63,2.432
953,6.181,11.855,4.357,11.753,31.004,9.929,16.617,28.471,8.207,26.344
954,19.454,4.053,19.859,11.753,34.854,19.96,16.211,34.956,18.846,35.969
955,15.907,31.41,16.11,23.912,18.136,35.361,31.612,16.921,26.546,20.062
956,24.52,31.714,7.599,30.599,24.52,26.141,24.824,19.352,30.599,31.916
957,9.727,3.445,6.789,25.026,16.211,35.361,20.973,5.167,0.507,18.44
958,33.943,14.388,19.859,24.317,19.758,22.595,35.158,10.233,15.401,23.101
959,6.687,27.053,34.551,6.586,3.344,9.524,26.546,10.639,16.617,14.286
960,14.793,17.326,2.33,21.277,35.462,36.273,14.996,13.982,33.639,8.714
961,3.242,16.11,32.22,7.295,19.555,3.85,28.167,29.181,5.269,13.374
962,21.379,21.48,5.066,21.987,30.903,31.207,0.203,20.568,13.476,18.947
963,15.705,25.026,4.661,0.912,27.965,29.991,4.255,14.793,22.189,21.075
964,6.789,23.101,26.445,23.709,29.586,7.295,22.088,26.445,16.414,31.916
965,9.929,20.67,23.203,16.009,36.172,35.361,6.991,34.449,7.194,0.405
966,32.017,2.938,11.652,27.762,26.242,2.128,33.537,4.762,6.687,33.74
967,14.185,25.533,31.004,6.079,17.123,26.344,1.115,26.546,3.648,32.524
968,23.709,3.445,22.899,30.194,1.824,28.167,20.366,13.982,34.044,5.066
969,33.335,14.084,33.841,1.824,10.943,4.154,24.824,10.74,26.445,4.965
970,21.885,12.766,26.749,35.057,22.088,29.89,35.564,27.154,36.273,17.529
971,21.784,11.449,23.81,18.339,27.255,35.158,6.485,23.81,9.22,23.304
972,25.634,31.511,24.824,13.982,31.106,31.815,33.132,1.115,23.507,34.449
973,2.432,32.625,31.41,22.291,18.136,14.996,21.987,32.017,33.537,2.229
974,15.603,35.361,15.198,8.308,24.013,33.335,17.123,21.277,20.062,29.586
975,17.529,12.969,7.7,5.877,21.581,23.203,15.097,30.802,35.26,32.828
976,0.304,22.392,1.621,16.617,26.445,18.947,26.85,1.317,13.982,24.418
977,0.811,35.868,27.458,2.938,7.396,33.943,0.203,24.317,33.031,14.793
978,34.956,9.929,11.044,24.621,25.432,26.647,23,12.564,9.524,21.277
979,31.612,6.687,32.828,9.524,33.335,8.612,0.203,18.238,33.74,17.731
980,21.48,33.74,12.868,21.48,7.498,9.423,16.617,4.661,21.784,14.084
981,16.515,8.41,35.462,9.828,21.784,33.436,31.106,25.128,11.652,34.956
982,32.828,20.568,22.088,3.546,17.225,17.63,30.7,23.203,17.934,26.141
983,27.965,23.101,10.943,36.07,22.493,18.643,7.903,33.335,35.969,24.621
984,34.652,31.004,17.529,30.092,3.546,30.7,2.736,25.128,20.467,23.101
985,20.67,4.762,26.749,28.471,15.401,6.991,28.775,29.788,5.877,33.233
986,21.784,4.255,6.181,20.872,19.859,3.648,33.335,1.317,26.951,28.066
987,12.564,14.793,18.542,32.119,22.189,28.573,13.678,18.339,26.546,34.044
988,33.233,10.132,18.643,14.489,20.872,7.903,3.749,4.559,28.269,20.67
989,27.154,25.533,1.418,12.463,19.555,1.317,26.242,17.63,1.418,19.251
990,4.255,13.982,25.026,22.696,8.308,32.017,18.744,7.802,2.736,36.172
991,31.004,30.903,5.877,4.965,0.203,24.317,20.973,4.357,29.181,10.943
992,1.824,31.004,27.661,23.912,12.159,21.48,32.929,19.758,30.802,21.379
993,7.7,7.498,28.167,14.388,34.753,8.41,4.762,6.383,28.978,18.136
994,10.132,5.167,34.854,10.74,36.273,24.216,0.811,7.7,9.828,29.788
995,21.581,6.485,4.357,28.775,15.907,34.854,10.132,16.718,19.352,21.075
996,3.952,23.507,18.035,35.868,34.551,8.004,27.661,18.44,21.379,14.894
997,27.154,14.793,14.692,34.551,13.577,17.833,0.507,28.978,20.67,8.714
998,28.37,30.903,6.282,8.207,3.749,7.295,12.361,14.388,32.423,1.216
999,25.128,21.176,7.295,21.581,34.449,20.467,11.551,5.775,27.661,34.854
